company_name,rows,checked_source_id,merolagani_symbol,merolagani_name,proposed_symbol,closest_listed_name_symbol,proposed_company,name_similarity,confidence,evidence
Rastriya Banijya Bank Limited,45,20800,RBB,Rastriya Banijya Bank Limited,,RBBD83,,1.0,absent,Merolagani symbol RBB (Rastriya Banijya Bank Limited) is in neither companies nor symbol_history; closest listed name RBBD83 (similarity 1.00) is shown for review only
Metlife American Life Insurance Company Limited,42,21475,MALIC,MetLife American Life Insurance Company,,ILI,,0.67,absent,Merolagani symbol MALIC (MetLife American Life Insurance Company) is in neither companies nor symbol_history; closest listed name ILI (similarity 0.67) is shown for review only
Oriental Insurance Company Limited,38,23167,ORIENTAL,The Oriental Insurance Company Limited,,PICL,,0.84,absent,Merolagani symbol ORIENTAL (The Oriental Insurance Company Limited) is in neither companies nor symbol_history; closest listed name PICL (similarity 0.84) is shown for review only
National Insurance Company Limited,32,20400,NICLL,National Insurance Company Limited,,NLICL,,0.88,absent,Merolagani symbol NICLL (National Insurance Company Limited) is in neither companies nor symbol_history; closest listed name NLICL (similarity 0.88) is shown for review only
Rastriya Sahakari Bank Limited,21,25323,NCBL,Rastriya Sahakari Bank Limited,,RBBD83,,0.74,absent,Merolagani symbol NCBL (Rastriya Sahakari Bank Limited) is in neither companies nor symbol_history; closest listed name RBBD83 (similarity 0.74) is shown for review only
Protective Micro Insurance Limited,13,50041,PMIL,Protective Micro Insurance Limited,,PIC,,0.74,absent,Merolagani symbol PMIL (Protective Micro Insurance Limited) is in neither companies nor symbol_history; closest listed name PIC (similarity 0.74) is shown for review only
Liberty Micro Life Insurance Limited,11,52665,LMLIC,Liberty Micro Life Insurance Limited,,CREST,,0.85,absent,Merolagani symbol LMLIC (Liberty Micro Life Insurance Limited) is in neither companies nor symbol_history; closest listed name CREST (similarity 0.85) is shown for review only
Rastriya Jeewan Beema Company Limited,11,52744,RJBCL,Rastriya Jeewan Beema Company Limited,,RBCL,,0.8,absent,Merolagani symbol RJBCL (Rastriya Jeewan Beema Company Limited) is in neither companies nor symbol_history; closest listed name RBCL (similarity 0.80) is shown for review only
Star Micro Insurance Company Limited,11,52695,SMIC,Star Micro Insurance Company Limited,,NMIC,,0.83,absent,Merolagani symbol SMIC (Star Micro Insurance Company Limited) is in neither companies nor symbol_history; closest listed name NMIC (similarity 0.83) is shown for review only
Grameen Swayamsewak Laghubitta Bittiya sanstha Limited,10,33240,GSLBSL,Grameen Swayamsewak Laghubitta Bittiya Sanstha Limited,,GBLBS,,0.84,absent,Merolagani symbol GSLBSL (Grameen Swayamsewak Laghubitta Bittiya Sanstha Limited) is in neither companies nor symbol_history; closest listed name GBLBS (similarity 0.84) is shown for review only
Mahalaxmi Life Insurance Limited,10,37670,MLIL,Mahalaxmi Life Insurance Limited,,PMLI,,0.87,absent,Merolagani symbol MLIL (Mahalaxmi Life Insurance Limited) is in neither companies nor symbol_history; closest listed name PMLI (similarity 0.87) is shown for review only
Trust Micro Insurance Limited,10,53882,TRUST,Trust Micro Insurance Limited,,CREST,,0.81,absent,Merolagani symbol TRUST (Trust Micro Insurance Limited) is in neither companies nor symbol_history; closest listed name CREST (similarity 0.81) is shown for review only
Seed Energy Limited,8,56300,SEEL,Seed Energy Limited,,PURE,,0.73,absent,Merolagani symbol SEEL (Seed Energy Limited) is in neither companies nor symbol_history; closest listed name PURE (similarity 0.73) is shown for review only
Super Laghubitta Bittiya Sanstha Limited,8,42217,SUPER,Super Laghubitta Bittiya Sanstha Limited,,ULBSL,,0.92,absent,Merolagani symbol SUPER (Super Laghubitta Bittiya Sanstha Limited) is in neither companies nor symbol_history; closest listed name ULBSL (similarity 0.92) is shown for review only
Nagarik Laghubitta Bittiya Sanstha Limited,7,28489,NAGARIK,Nagarik Laghubitta Bittiya Sanstha ltd,,SABSL,,0.91,absent,Merolagani symbol NAGARIK (Nagarik Laghubitta Bittiya Sanstha ltd) is in neither companies nor symbol_history; closest listed name SABSL (similarity 0.91) is shown for review only
Sajilo Laghubitta Bittiya Sanstha Limited,7,29656,SAJILO,Sajilo Laghubitta Sanstha Ltd,,SABSL,,0.93,absent,Merolagani symbol SAJILO (Sajilo Laghubitta Sanstha Ltd) is in neither companies nor symbol_history; closest listed name SABSL (similarity 0.93) is shown for review only
Shaligram Laghubitta Bittiya Sanstha Limited,7,34691,SHALIGRAM,Shaligram Laghubitta Bittiya Sanstha Limited,,KMCDB,,0.9,successor_only,"Merolagani symbol SHALIGRAM is absent from companies; symbol_history records SHALIGRAM -> CYCL (MERGER, 2021-06-29). CYCL is a successor, not the same issuer, so its reports are not SHALIGRAM's"
Hulas Finserv Hire Purchase Limited,6,59527,HFHPL,Hulas Finserv Hire Purchase Limited,,GLICLP,,0.51,absent,Merolagani symbol HFHPL (Hulas Finserv Hire Purchase Limited) is in neither companies nor symbol_history; closest listed name GLICLP (similarity 0.51) is shown for review only
Gharelu Laghubitta Bittiya Sanstha Limited,5,34751,GHARELU,Gharelu Laghubitta Bittiya Sanstha Limited,,SMATA,,0.91,absent,Merolagani symbol GHARELU (Gharelu Laghubitta Bittiya Sanstha Limited) is in neither companies nor symbol_history; closest listed name SMATA (similarity 0.91) is shown for review only
Janasewi Laghubitta Bittiya Sanstha Limited,5,30947,JSLBSL,Janasewi Laghubitta Bittiya Sanstha Limited,,MLBS,,0.9,absent,Merolagani symbol JSLBSL (Janasewi Laghubitta Bittiya Sanstha Limited) is in neither companies nor symbol_history; closest listed name MLBS (similarity 0.90) is shown for review only
Deurali Laghubitta Bittiya Sanstha Limited,4,38697,DEURALI,Deurali Laghubitta Bittiya Sanstha Limited,,MSLB,,0.9,absent,Merolagani symbol DEURALI (Deurali Laghubitta Bittiya Sanstha Limited) is in neither companies nor symbol_history; closest listed name MSLB (similarity 0.90) is shown for review only
Hulas Finserv Hire Purchase Limited (Former Hulas Fin Serve Limited),4,53218,HFHPL,Hulas Finserv Hire Purchase Limited,,GLICLP,,0.51,absent,Merolagani symbol HFHPL (Hulas Finserv Hire Purchase Limited) is in neither companies nor symbol_history; closest listed name GLICLP (similarity 0.51) is shown for review only
Mahalaxmi Life Insurance Company Limited,4,34151,MLIL,Mahalaxmi Life Insurance Limited,,PMLI,,0.87,absent,Merolagani symbol MLIL (Mahalaxmi Life Insurance Limited) is in neither companies nor symbol_history; closest listed name PMLI (similarity 0.87) is shown for review only
Aarthik Samriddhi Laghu Bitta Bittiya Sanstha Limited,3,29662,ASLSSSL,Aarthik Samriddhi Laghu Bitta Bittiya Sanstha Limited,,NSLB,,0.83,absent,Merolagani symbol ASLSSSL (Aarthik Samriddhi Laghu Bitta Bittiya Sanstha Limited) is in neither companies nor symbol_history; closest listed name NSLB (similarity 0.83) is shown for review only
Hulas Fin Serve Limited,3,42338,HFSL,Hulas Fin Serve Limited,,GLICL,,0.5,absent,Merolagani symbol HFSL (Hulas Fin Serve Limited) is in neither companies nor symbol_history; closest listed name GLICL (similarity 0.50) is shown for review only
Manushi Laghubitta Biattiya Sanstha Limited,3,32411,SMLBSL,Shree Manushi Laghubitta Bittiya Sanstha Limited,,MLBS,,0.99,absent,Merolagani symbol SMLBSL (Shree Manushi Laghubitta Bittiya Sanstha Limited) is in neither companies nor symbol_history; closest listed name MLBS (similarity 0.99) is shown for review only
Nava Kiran Laghubitta Bittiya Sanstha Limited,3,36133,,,,AVYAN,,0.9,absent,no symbol on the Merolagani page; closest listed name AVYAN (similarity 0.90) is shown for review only
The Oriental Insurance Company Limited,3,21616,ORIENTAL,The Oriental Insurance Company Limited,,PICL,,0.84,absent,Merolagani symbol ORIENTAL (The Oriental Insurance Company Limited) is in neither companies nor symbol_history; closest listed name PICL (similarity 0.84) is shown for review only
Trilok Laghubitta Bittiya Sanstha Limited,3,33112,TLBSL,Trilok Laghubitta Bittiya Sanstha Limited,,SWASTIK,,0.9,absent,Merolagani symbol TLBSL (Trilok Laghubitta Bittiya Sanstha Limited) is in neither companies nor symbol_history; closest listed name SWASTIK (similarity 0.90) is shown for review only
H & B Development Bank Limited,2,15283,HBDL,H & B Development Bank Ltd.,,KHDBL,,0.88,absent,Merolagani symbol HBDL (H & B Development Bank Ltd.) is in neither companies nor symbol_history; closest listed name KHDBL (similarity 0.88) is shown for review only
Mahalaxmi Insurance Company Limited,2,32575,MLIL,Mahalaxmi Life Insurance Limited,,MFL,,0.86,absent,Merolagani symbol MLIL (Mahalaxmi Life Insurance Limited) is in neither companies nor symbol_history; closest listed name MFL (similarity 0.86) is shown for review only
Metlife American Life Insurance Company,2,20868,MALIC,MetLife American Life Insurance Company,,ILI,,0.67,absent,Merolagani symbol MALIC (MetLife American Life Insurance Company) is in neither companies nor symbol_history; closest listed name ILI (similarity 0.67) is shown for review only
Solve Laghubitta Bittiya Sanstha Limited,2,35021,SOLVE,Solve Laghubitta Bittiya Sanstha Limited,,RSDC,,0.89,absent,Merolagani symbol SOLVE (Solve Laghubitta Bittiya Sanstha Limited) is in neither companies nor symbol_history; closest listed name RSDC (similarity 0.89) is shown for review only
1st Quarterly Report of H & B Development Bank Ltd. for the fiscal year 2070/71.,1,10860,HBDL,H & B Development Bank Ltd.,,KHDBL,,0.88,absent,Merolagani symbol HBDL (H & B Development Bank Ltd.) is in neither companies nor symbol_history; closest listed name KHDBL (similarity 0.88) is shown for review only
1st Quarterly Report of KIST Bank Limited for the fiscal year 2068/69.,1,10313,KIST,KIST Bank Limited,,KEF,,0.7,successor_only,"Merolagani symbol KIST is absent from companies; symbol_history records KIST -> PRVU (MERGER, 2014-08-06). PRVU is a successor, not the same issuer, so its reports are not KIST's"
1st Quarterly Report of KIST Bank Limited for the fiscal year 2069/70.,1,10317,KIST,KIST Bank Limited,,KEF,,0.7,successor_only,"Merolagani symbol KIST is absent from companies; symbol_history records KIST -> PRVU (MERGER, 2014-08-06). PRVU is a successor, not the same issuer, so its reports are not KIST's"
1st Quarterly Report of KIST Bank Limited for the fiscal year 2070/71.,1,10321,KIST,KIST Bank Limited,,KEF,,0.7,successor_only,"Merolagani symbol KIST is absent from companies; symbol_history records KIST -> PRVU (MERGER, 2014-08-06). PRVU is a successor, not the same issuer, so its reports are not KIST's"
2nd Quarterly Report of H & B Development Bank Ltd. for the fiscal year 2070/71.,1,10861,HBDL,H & B Development Bank Ltd.,,KHDBL,,0.88,absent,Merolagani symbol HBDL (H & B Development Bank Ltd.) is in neither companies nor symbol_history; closest listed name KHDBL (similarity 0.88) is shown for review only
2nd Quarterly Report of KIST Bank Limited for the fiscal year 2068/69.,1,10314,KIST,KIST Bank Limited,,KEF,,0.7,successor_only,"Merolagani symbol KIST is absent from companies; symbol_history records KIST -> PRVU (MERGER, 2014-08-06). PRVU is a successor, not the same issuer, so its reports are not KIST's"
2nd Quarterly Report of KIST Bank Limited for the fiscal year 2069/70.,1,10318,KIST,KIST Bank Limited,,KEF,,0.7,successor_only,"Merolagani symbol KIST is absent from companies; symbol_history records KIST -> PRVU (MERGER, 2014-08-06). PRVU is a successor, not the same issuer, so its reports are not KIST's"
2nd Quarterly Report of KIST Bank Limited for the fiscal year 2070/71.,1,10322,KIST,KIST Bank Limited,,KEF,,0.7,successor_only,"Merolagani symbol KIST is absent from companies; symbol_history records KIST -> PRVU (MERGER, 2014-08-06). PRVU is a successor, not the same issuer, so its reports are not KIST's"
3rd Quarterly Report of H & B Development Bank Ltd. for the fiscal year 2069/70.,1,10863,HBDL,H & B Development Bank Ltd.,,KHDBL,,0.88,absent,Merolagani symbol HBDL (H & B Development Bank Ltd.) is in neither companies nor symbol_history; closest listed name KHDBL (similarity 0.88) is shown for review only
3rd Quarterly Report of H & B Development Bank Ltd. for the fiscal year 2070/71.,1,10862,HBDL,H & B Development Bank Ltd.,,KHDBL,,0.88,absent,Merolagani symbol HBDL (H & B Development Bank Ltd.) is in neither companies nor symbol_history; closest listed name KHDBL (similarity 0.88) is shown for review only
3rd Quarterly Report of KIST Bank Limited for the fiscal year 2068/69.,1,10315,KIST,KIST Bank Limited,,KEF,,0.7,successor_only,"Merolagani symbol KIST is absent from companies; symbol_history records KIST -> PRVU (MERGER, 2014-08-06). PRVU is a successor, not the same issuer, so its reports are not KIST's"
3rd Quarterly Report of KIST Bank Limited for the fiscal year 2069/70.,1,10319,KIST,KIST Bank Limited,,KEF,,0.7,successor_only,"Merolagani symbol KIST is absent from companies; symbol_history records KIST -> PRVU (MERGER, 2014-08-06). PRVU is a successor, not the same issuer, so its reports are not KIST's"
3rd Quarterly Report of KIST Bank Limited for the fiscal year 2070/71.,1,10323,KIST,KIST Bank Limited,,KEF,,0.7,successor_only,"Merolagani symbol KIST is absent from companies; symbol_history records KIST -> PRVU (MERGER, 2014-08-06). PRVU is a successor, not the same issuer, so its reports are not KIST's"
4th Quarterly Report of H & B Development Bank Ltd. for the fiscal year 2069/70.,1,10864,HBDL,H & B Development Bank Ltd.,,KHDBL,,0.88,absent,Merolagani symbol HBDL (H & B Development Bank Ltd.) is in neither companies nor symbol_history; closest listed name KHDBL (similarity 0.88) is shown for review only
4th Quarterly Report of KIST Bank Limited for the fiscal year 2068/69.,1,10316,KIST,KIST Bank Limited,,KEF,,0.7,successor_only,"Merolagani symbol KIST is absent from companies; symbol_history records KIST -> PRVU (MERGER, 2014-08-06). PRVU is a successor, not the same issuer, so its reports are not KIST's"
4th Quarterly Report of KIST Bank Limited for the fiscal year 2069/70.,1,10320,KIST,KIST Bank Limited,,KEF,,0.7,successor_only,"Merolagani symbol KIST is absent from companies; symbol_history records KIST -> PRVU (MERGER, 2014-08-06). PRVU is a successor, not the same issuer, so its reports are not KIST's"
Aarthik Samriddhi Laghubitta Bittiya Sanstha Limited,1,32639,ASLBSL,Arthik Samriddhi Laghubitta Bittiya Sanstha Limited,,NSLB,,0.84,absent,Merolagani symbol ASLBSL (Arthik Samriddhi Laghubitta Bittiya Sanstha Limited) is in neither companies nor symbol_history; closest listed name NSLB (similarity 0.84) is shown for review only
H & B Development Limited,1,11594,HBDL,H & B Development Bank Ltd.,,KHDBL,,0.76,absent,Merolagani symbol HBDL (H & B Development Bank Ltd.) is in neither companies nor symbol_history; closest listed name KHDBL (similarity 0.76) is shown for review only
KIST Bank Limited,1,8998,KIST,KIST Bank Limited,,KEF,,0.7,successor_only,"Merolagani symbol KIST is absent from companies; symbol_history records KIST -> PRVU (MERGER, 2014-08-06). PRVU is a successor, not the same issuer, so its reports are not KIST's"
Manushi Laghubitta Biattiya  Sanstha Limited,1,31853,SMLBSL,Shree Manushi Laghubitta Bittiya Sanstha Limited,,MLBS,,0.99,absent,Merolagani symbol SMLBSL (Shree Manushi Laghubitta Bittiya Sanstha Limited) is in neither companies nor symbol_history; closest listed name MLBS (similarity 0.99) is shown for review only
MetLife American Life Insurance Co.Limited,1,20348,MALIC,MetLife American Life Insurance Company,,ILI,,0.67,absent,Merolagani symbol MALIC (MetLife American Life Insurance Company) is in neither companies nor symbol_history; closest listed name ILI (similarity 0.67) is shown for review only
Nabil Securities Limited,1,50719,NSDL,Nabil Stock Dealer Limited,,NEF,,0.61,absent,Merolagani symbol NSDL (Nabil Stock Dealer Limited) is in neither companies nor symbol_history; closest listed name NEF (similarity 0.61) is shown for review only
Nabil Stock Dealer Limited,1,52201,NSDL,Nabil Stock Dealer Limited,,NHDL,,0.55,absent,Merolagani symbol NSDL (Nabil Stock Dealer Limited) is in neither companies nor symbol_history; closest listed name NHDL (similarity 0.55) is shown for review only
National  Insurance Company Limited,1,26767,NICLL,National Insurance Company Limited,,NLICL,,0.88,absent,Merolagani symbol NICLL (National Insurance Company Limited) is in neither companies nor symbol_history; closest listed name NLICL (similarity 0.88) is shown for review only
National Co-operative Bank Limited,1,33267,NCBL,Rastriya Sahakari Bank Limited,,INDBL,,0.68,absent,Merolagani symbol NCBL (Rastriya Sahakari Bank Limited) is in neither companies nor symbol_history; closest listed name INDBL (similarity 0.68) is shown for review only
Nepal Electronic Payment Systems Limited,1,24544,NEPS,Nepal Elcetronic Payment Systems Limited,,NDB,,0.56,absent,Merolagani symbol NEPS (Nepal Elcetronic Payment Systems Limited) is in neither companies nor symbol_history; closest listed name NDB (similarity 0.56) is shown for review only
Nepal Electronic Payment Systems Limited (NEPS),1,23205,NEPS,Nepal Elcetronic Payment Systems Limited,,NDB,,0.56,absent,Merolagani symbol NEPS (Nepal Elcetronic Payment Systems Limited) is in neither companies nor symbol_history; closest listed name NDB (similarity 0.56) is shown for review only
Rastriya Banijya Bank,1,20247,RBB,Rastriya Banijya Bank Limited,,RBBD83,,1.0,absent,Merolagani symbol RBB (Rastriya Banijya Bank Limited) is in neither companies nor symbol_history; closest listed name RBBD83 (similarity 1.00) is shown for review only
Rastriya Jeewan Beema Company Limited (Former Rastriya Beema Sansthan Limited),1,51138,RJBCL,Rastriya Jeewan Beema Company Limited,,RBCL,,0.8,absent,Merolagani symbol RJBCL (Rastriya Jeewan Beema Company Limited) is in neither companies nor symbol_history; closest listed name RBCL (similarity 0.80) is shown for review only
Second Quarter Trading Details of OTC Market of the fiscal year 2080/81 - Nepal Stock Exchange Limited (NEPSE),1,52197,NEPSE,Nepal Stock Exchange Limited,,UICPO,,0.3,absent,Merolagani symbol NEPSE (Nepal Stock Exchange Limited) is in neither companies nor symbol_history; closest listed name UICPO (similarity 0.30) is shown for review only
